"0","as.factor(libraryData$學號) -> libraryData$學號"
"2","Warning message:
"
"2","In strsplit(code, ""\n"", fixed = TRUE) :"
"2","
 "
"2"," input string 1 is invalid in this locale
"
"0","levels(libraryData$學號) -> studentID"
"0","studentID"
"1","   [1]"
"1"," ""0010Q7af8"""
"1"," ""0055Y33cf"""
"1"," ""006fZ433c"""
"1"," ""0085G730a"""
"1"," ""0094C980e"""
"1"," ""0095A9599"""
"1"," ""00a9C9b80"""
"1"," ""00bbA9242"""
"1","
"
"1","   [9]"
"1"," ""00beC12e6"""
"1"," ""00e0L2b4f"""
"1"," ""00edV2694"""
"1"," ""00fdC963f"""
"1"," ""012bR8121"""
"1"," ""012fR7c49"""
"1"," ""0136G78c8"""
"1"," ""0139Q7a27"""
"1","
"
"1","  [17]"
"1"," ""015dC91bb"""
"1"," ""016aX6618"""
"1"," ""0174C1d9d"""
"1"," ""0179Z446b"""
"1"," ""0194W77da"""
"1"," ""01a9Z47b1"""
"1"," ""01bdK3cf0"""
"1"," ""01caC99a7"""
"1","
"
"1","  [25]"
"1"," ""01cfR858b"""
"1"," ""01e6W7eb8"""
"1"," ""0202K3045"""
"1"," ""023cX69e8"""
"1"," ""0259X6dc0"""
"1"," ""0266V2450"""
"1"," ""0278W7833"""
"1"," ""027cG7cea"""
"1","
"
"1","  [33]"
"1"," ""02e7L2293"""
"1"," ""02f5C1363"""
"1"," ""0303X671c"""
"1"," ""0305C1d2e"""
"1"," ""030bL2b78"""
"1"," ""0344G7ab7"""
"1"," ""0357A9ab3"""
"1"," ""0363K3de6"""
"1","
"
"1","  [41]"
"1"," ""0363L2aed"""
"1"," ""036bZ4296"""
"1"," ""0378R7102"""
"1"," ""0383L2ec3"""
"1"," ""0399W728f"""
"1"," ""03d7C15ad"""
"1"," ""03e6Z45ed"""
"1"," ""03edG7bbb"""
"1","
"
"1","  [49]"
"1"," ""03eeW7785"""
"1"," ""0415C9aca"""
"1"," ""0415R87b4"""
"1"," ""041aV2e2f"""
"1"," ""0444C11dc"""
"1"," ""044dR45de"""
"1"," ""045bL23ed"""
"1"," ""0462C993f"""
"1","
"
"1","  [57]"
"1"," ""0465W768a"""
"1"," ""046fC1645"""
"1"," ""0495X6ac4"""
"1"," ""04a8L2b21"""
"1"," ""04afW7732"""
"1"," ""04b1R7a13"""
"1"," ""04b5G7a95"""
"1"," ""04deW70c2"""
"1","
"
"1","  [65]"
"1"," ""0519R4e0e"""
"1"," ""051bR76cb"""
"1"," ""0531Y3c30"""
"1"," ""0545W741f"""
"1"," ""055fR8728"""
"1"," ""059eV2dd8"""
"1"," ""05a5X6c6c"""
"1"," ""05a8V2bfa"""
"1","
"
"1","  [73]"
"1"," ""05aaC1039"""
"1"," ""05c6G7836"""
"1"," ""05e2Z4430"""
"1"," ""05eeX6ef7"""
"1"," ""05f6A9da3"""
"1"," ""05feX6591"""
"1"," ""0605L2725"""
"1"," ""0606Z40e0"""
"1","
"
"1","  [81]"
"1"," ""061aL2906"""
"1"," ""062fL27cf"""
"1"," ""0648C9f60"""
"1"," ""064cT7ae6"""
"1"," ""0657Q776d"""
"1"," ""0659W788f"""
"1"," ""065bV2e0e"""
"1"," ""0661R8bcc"""
"1","
"
"1","  [89]"
"1"," ""067eL2815"""
"1"," ""0693Z4cf9"""
"1"," ""06a8X62a9"""
"1"," ""06b5Q72a7"""
"1"," ""06e8C91b9"""
"1"," ""06eeW7fde"""
"1"," ""0714K3517"""
"1"," ""074cN9353"""
"1","
"
"1","  [97]"
"1"," ""078dQ7844"""
"1"," ""079cW7b8c"""
"1"," ""07acW7e1f"""
"1"," ""07b0Z4850"""
"1"," ""07b5R76cd"""
"1"," ""07b9W7fce"""
"1"," ""07c3A93e5"""
"1"," ""07c5N9b08"""
"1","
"
"1"," [105]"
"1"," ""07caR4940"""
"1"," ""07e6Z4d2c"""
"1"," ""07ebR725c"""
"1"," ""0804R7a1a"""
"1"," ""0805R86e7"""
"1"," ""0811C1bd2"""
"1"," ""0820A985b"""
"1"," ""0833X6368"""
"1","
"
"1"," [113]"
"1"," ""0838T7d80"""
"1"," ""0842R4721"""
"1"," ""0847V2c33"""
"1"," ""0873X6385"""
"1"," ""087fG7f2c"""
"1"," ""0893V2a56"""
"1"," ""089cR7138"""
"1"," ""08a0C1706"""
"1","
"
"1"," [121]"
"1"," ""08bdV2b72"""
"1"," ""08bfX6c68"""
"1"," ""0902A9d37"""
"1"," ""0914X6b82"""
"1"," ""0916C1317"""
"1"," ""091eW7340"""
"1"," ""0924C14da"""
"1"," ""092fK38dd"""
"1","
"
"1"," [129]"
"1"," ""0931L20b7"""
"1"," ""0936G7f5c"""
"1"," ""093bR7706"""
"1"," ""094aQ758d"""
"1"," ""0978G7db5"""
"1"," ""0992G7e30"""
"1"," ""09a8R7aa8"""
"1"," ""09d1V29e1"""
"1","
"
"1"," [137]"
"1"," ""09eeL2668"""
"1"," ""09f2T7c87"""
"1"," ""0a1bW7084"""
"1"," ""0a1fW7b38"""
"1"," ""0a34X610c"""
"1"," ""0a44T702e"""
"1"," ""0a5dR76f8"""
"1"," ""0a9fK3202"""
"1","
"
"1"," [145]"
"1"," ""0aa8K3857"""
"1"," ""0ac1A9d3a"""
"1"," ""0ac4W7ce8"""
"1"," ""0accV2245"""
"1"," ""0ad0X6697"""
"1"," ""0ae2V246c"""
"1"," ""0afdX6e65"""
"1"," ""0b18C1029"""
"1","
"
"1"," [153]"
"1"," ""0b2cW7ebf"""
"1"," ""0b31R80c5"""
"1"," ""0b39N9fe7"""
"1"," ""0b43R7509"""
"1"," ""0b46X6ad0"""
"1"," ""0b68A90b2"""
"1"," ""0b6aT7481"""
"1"," ""0b6dA9fed"""
"1","
"
"1"," [161]"
"1"," ""0b88N9d3c"""
"1"," ""0b96C1d9f"""
"1"," ""0b9cK3f1e"""
"1"," ""0ba3L28be"""
"1"," ""0bafQ7f62"""
"1"," ""0bcdQ7537"""
"1"," ""0bd2R71bd"""
"1"," ""0bd9N9898"""
"1","
"
"1"," [169]"
"1"," ""0be7C1dd7"""
"1"," ""0beaW7371"""
"1"," ""0bf2A9c10"""
"1"," ""0c00A9d96"""
"1"," ""0c00W7f0d"""
"1"," ""0c05V2f9d"""
"1"," ""0c0eQ7ee9"""
"1"," ""0c26G7bf3"""
"1","
"
"1"," [177]"
"1"," ""0c29T7cc9"""
"1"," ""0c58W7d53"""
"1"," ""0c68Y3ead"""
"1"," ""0c6bR88cb"""
"1"," ""0c6fW7d80"""
"1"," ""0c7bW71d4"""
"1"," ""0c85L2919"""
"1"," ""0ca5R43ad"""
"1","
"
"1"," [185]"
"1"," ""0ca7A9563"""
"1"," ""0cb9C173d"""
"1"," ""0cc6X69aa"""
"1"," ""0cc9A9e9e"""
"1"," ""0cc9R87e8"""
"1"," ""0cd7V203c"""
"1"," ""0cecW7476"""
"1"," ""0cf0Z492b"""
"1","
"
"1"," [193]"
"1"," ""0cf1W7e0e"""
"1"," ""0cffG7c02"""
"1"," ""0d09X65d9"""
"1"," ""0d0cG7d25"""
"1"," ""0d30W743e"""
"1"," ""0d32R7fff"""
"1"," ""0d4eC92b9"""
"1"," ""0d56R7cf3"""
"1","
"
"1"," [201]"
"1"," ""0d5aW7061"""
"1"," ""0d6aW7757"""
"1"," ""0d75X6cb4"""
"1"," ""0d76V2ce9"""
"1"," ""0d78V2dfd"""
"1"," ""0d94V2a17"""
"1"," ""0d9bV2a8c"""
"1"," ""0da1R81e2"""
"1","
"
"1"," [209]"
"1"," ""0dbaR8968"""
"1"," ""0dc8C1ba4"""
"1"," ""0dceR7d6c"""
"1"," ""0deaW7460"""
"1"," ""0decR7a5c"""
"1"," ""0defQ7acf"""
"1"," ""0e0dL20bf"""
"1"," ""0e0dV28d7"""
"1","
"
"1"," [217]"
"1"," ""0e18X613a"""
"1"," ""0e2eW758b"""
"1"," ""0e33X6319"""
"1"," ""0e41W73b7"""
"1"," ""0e41W7925"""
"1"," ""0e46A9991"""
"1"," ""0e5fC1612"""
"1"," ""0e75L29ce"""
"1","
"
"1"," [225]"
"1"," ""0e86N9905"""
"1"," ""0e91V2cb8"""
"1"," ""0eb0K3311"""
"1"," ""0ebcL27ca"""
"1"," ""0ec9R8b8a"""
"1"," ""0f07X6d80"""
"1"," ""0f13G7fa7"""
"1"," ""0f19L2d3b"""
"1","
"
"1"," [233]"
"1"," ""0f1dQ7f7f"""
"1"," ""0f39W70c7"""
"1"," ""0f3fW7a6d"""
"1"," ""0f62R8178"""
"1"," ""0f8cW745f"""
"1"," ""0f9fC1a10"""
"1"," ""0faaA98df"""
"1"," ""0fd6R78d8"""
"1","
"
"1"," [241]"
"1"," ""1013C9350"""
"1"," ""101aR8ae3"""
"1"," ""1039X6d0a"""
"1"," ""1044C97e0"""
"1"," ""1048C1910"""
"1"," ""1050V274a"""
"1"," ""1050W7ba1"""
"1"," ""106bR7116"""
"1","
"
"1"," [249]"
"1"," ""1073V26f5"""
"1"," ""1080C183d"""
"1"," ""1082W7e8e"""
"1"," ""10d9R7aa4"""
"1"," ""10ffL269a"""
"1"," ""110bK31fc"""
"1"," ""111bC16d5"""
"1"," ""111dV2b58"""
"1","
"
"1"," [257]"
"1"," ""1131Y3197"""
"1"," ""114bX6424"""
"1"," ""114fL2427"""
"1"," ""115bX6a5f"""
"1"," ""116cL272f"""
"1"," ""1174V25b8"""
"1"," ""1177R8b6b"""
"1"," ""1191X62ea"""
"1","
"
"1"," [265]"
"1"," ""11a7R7514"""
"1"," ""11b0R4f63"""
"1"," ""11d5V21fd"""
"1"," ""11daX6c5e"""
"1"," ""1201W7c57"""
"1"," ""1208C153f"""
"1"," ""120aL2e6c"""
"1"," ""120cR78ba"""
"1","
"
"1"," [273]"
"1"," ""1215W7683"""
"1"," ""121dZ4d4d"""
"1"," ""123cX6fac"""
"1"," ""1244W7894"""
"1"," ""1275L2470"""
"1"," ""1276R8295"""
"1"," ""1291L2b42"""
"1"," ""12a3K3a96"""
"1","
"
"1"," [281]"
"1"," ""12aeA9777"""
"1"," ""12b8V2918"""
"1"," ""12c2R7865"""
"1"," ""12d6X6dc8"""
"1"," ""12e9R435a"""
"1"," ""12f7L2f6c"""
"1"," ""1322X6cc7"""
"1"," ""1360C1c25"""
"1","
"
"1"," [289]"
"1"," ""1379W7f44"""
"1"," ""137aQ7735"""
"1"," ""1382Z4540"""
"1"," ""138bR775c"""
"1"," ""1393G7335"""
"1"," ""13b3G7ac5"""
"1"," ""13c3K32e5"""
"1"," ""13dbL271b"""
"1","
"
"1"," [297]"
"1"," ""13ddR88bf"""
"1"," ""13e1Z48eb"""
"1"," ""1403R8299"""
"1"," ""1420C16c8"""
"1"," ""142aX6c03"""
"1"," ""142cR8741"""
"1"," ""1433A9827"""
"1"," ""1447K331a"""
"1","
"
"1"," [305]"
"1"," ""1459L2718"""
"1"," ""145eN9e12"""
"1"," ""145fX691d"""
"1"," ""146eG7e7d"""
"1"," ""147bC913d"""
"1"," ""1498C1cb5"""
"1"," ""14a4Q7ea2"""
"1"," ""14a6A9f4d"""
"1","
"
"1"," [313]"
"1"," ""14baC1eae"""
"1"," ""14bbR80e8"""
"1"," ""14cdQ7858"""
"1"," ""14efW7cba"""
"1"," ""14f5Z458d"""
"1"," ""151fR7163"""
"1"," ""1525X63c4"""
"1"," ""1532X6366"""
"1","
"
"1"," [321]"
"1"," ""1547C1b9a"""
"1"," ""154eW7381"""
"1"," ""1554V2575"""
"1"," ""1560C112a"""
"1"," ""1578W7f26"""
"1"," ""15b1L25d7"""
"1"," ""15b2R4b49"""
"1"," ""15dfN9e10"""
"1","
"
"1"," [329]"
"1"," ""15e3R83f9"""
"1"," ""15f3L23dc"""
"1"," ""15f6K3e3a"""
"1"," ""1604R7f02"""
"1"," ""1630N92a5"""
"1"," ""1632W7831"""
"1"," ""1645W7940"""
"1"," ""1653R4af8"""
"1","
"
"1"," [337]"
"1"," ""165fV282b"""
"1"," ""1674L261d"""
"1"," ""1674R7f5a"""
"1"," ""1675R8c61"""
"1"," ""167bR8427"""
"1"," ""167cR784b"""
"1"," ""1693R8316"""
"1"," ""169aX67c1"""
"1","
"
"1"," [345]"
"1"," ""16b4G73d1"""
"1"," ""16bcW79a6"""
"1"," ""16cdW7066"""
"1"," ""16d7R45db"""
"1"," ""16e6W71c2"""
"1"," ""16f3Z4399"""
"1"," ""16f8G7c98"""
"1"," ""1703C181b"""
"1","
"
"1"," [353]"
"1"," ""1703K3338"""
"1"," ""1729L28ab"""
"1"," ""173bL261d"""
"1"," ""1746R8d6c"""
"1"," ""174fQ74d1"""
"1"," ""1759V2807"""
"1"," ""1766V2abf"""
"1"," ""176cZ4c7f"""
"1","
"
"1"," [361]"
"1"," ""17bfK35a5"""
"1"," ""17caW7b1a"""
"1"," ""17d7V2f9e"""
"1"," ""1804X605c"""
"1"," ""181eR7aa6"""
"1"," ""1828R7d79"""
"1"," ""182aA98e6"""
"1"," ""183aW7e1a"""
"1","
"
"1"," [369]"
"1"," ""1852Z42d4"""
"1"," ""1874R70de"""
"1"," ""1878K335f"""
"1"," ""188eC9ba6"""
"1"," ""18faW77b1"""
"1"," ""1929W7802"""
"1"," ""1931C11ba"""
"1"," ""193eX6d57"""
"1","
"
"1"," [377]"
"1"," ""1948A9ee6"""
"1"," ""1948R4924"""
"1"," ""1949W7827"""
"1"," ""194fW7b93"""
"1"," ""195cV23ec"""
"1"," ""199cC9380"""
"1"," ""19aaR7cea"""
"1"," ""19b8W75b5"""
"1","
"
"1"," [385]"
"1"," ""19c5C15f5"""
"1"," ""19d3W7788"""
"1"," ""19f1L2617"""
"1"," ""1a04L271f"""
"1"," ""1a12X6a73"""
"1"," ""1a19R8657"""
"1"," ""1a2eW73b8"""
"1"," ""1a84R8029"""
"1","
"
"1"," [393]"
"1"," ""1a8bW7315"""
"1"," ""1a9fR4092"""
"1"," ""1ac5L2236"""
"1"," ""1ad5L2b76"""
"1"," ""1ad7G7846"""
"1"," ""1af8G72e4"""
"1"," ""1afdL2235"""
"1"," ""1b12L22ce"""
"1","
"
"1"," [401]"
"1"," ""1b16V2512"""
"1"," ""1b1bR86fb"""
"1"," ""1b1fX69e5"""
"1"," ""1b3aV2a46"""
"1"," ""1b50L2300"""
"1"," ""1b62X62e4"""
"1"," ""1b7dQ7e8f"""
"1"," ""1ba7R4c5c"""
"1","
"
"1"," [409]"
"1"," ""1bafC9ec5"""
"1"," ""1bbcR75bb"""
"1"," ""1be8A9c0e"""
"1"," ""1beeR4571"""
"1"," ""1c57C13a8"""
"1"," ""1c5cW7ab9"""
"1"," ""1c6cZ45fa"""
"1"," ""1c7bK327a"""
"1","
"
"1"," [417]"
"1"," ""1c91W7fb8"""
"1"," ""1caeR41e3"""
"1"," ""1cb2V2c9f"""
"1"," ""1cecR4ecc"""
"1"," ""1cf6Y3489"""
"1"," ""1cf8C1eeb"""
"1"," ""1d15N9ad1"""
"1"," ""1d1aQ7f3a"""
"1","
"
"1"," [425]"
"1"," ""1d2fZ4ebb"""
"1"," ""1d43Q7f56"""
"1"," ""1d5fX6477"""
"1"," ""1d6aR76b9"""
"1"," ""1d81W7881"""
"1"," ""1d87W7a66"""
"1"," ""1db3R7008"""
"1"," ""1dc6G7824"""
"1","
"
"1"," [433]"
"1"," ""1dccW75c7"""
"1"," ""1dd6C972f"""
"1"," ""1dd9R4237"""
"1"," ""1ddcQ70d0"""
"1"," ""1ddfR8a69"""
"1"," ""1df5V2179"""
"1"," ""1e11G7a6f"""
"1"," ""1e4cC95f9"""
"1","
"
"1"," [441]"
"1"," ""1e4fX6d54"""
"1"," ""1e54X64d5"""
"1"," ""1e5bL21f2"""
"1"," ""1e73G7ea7"""
"1"," ""1e91R41b1"""
"1"," ""1eb0Z42a6"""
"1"," ""1ec8K314b"""
"1"," ""1ed9W7e93"""
"1","
"
"1"," [449]"
"1"," ""1f2aL2999"""
"1"," ""1f32X6f1c"""
"1"," ""1f43V2fbe"""
"1"," ""1f48K3633"""
"1"," ""1f62R896b"""
"1"," ""1f69Z4cc9"""
"1"," ""1fa3K3864"""
"1"," ""1faeR896e"""
"1","
"
"1"," [457]"
"1"," ""1fb7G7f9b"""
"1"," ""1fb9V2577"""
"1"," ""1fe4W7b63"""
"1"," ""1ff0Q7468"""
"1"," ""1ff5N9a12"""
"1"," ""1ff7K3587"""
"1"," ""1ff7Z4a3d"""
"1"," ""2019C10b3"""
"1","
"
"1"," [465]"
"1"," ""2023G728a"""
"1"," ""2039Z492d"""
"1"," ""203dV20c6"""
"1"," ""2072W77d4"""
"1"," ""207dV2b92"""
"1"," ""208dX609b"""
"1"," ""2099N95b8"""
"1"," ""20d5Y3ebd"""
"1","
"
"1"," [473]"
"1"," ""20d9C12c7"""
"1"," ""20deC1efc"""
"1"," ""20f3Z4496"""
"1"," ""210aL2181"""
"1"," ""2119W7b03"""
"1"," ""2141V2b42"""
"1"," ""2158R7b68"""
"1"," ""215cV21e8"""
"1","
"
"1"," [481]"
"1"," ""2164R489f"""
"1"," ""2178W7102"""
"1"," ""2194R79c0"""
"1"," ""219cC17ba"""
"1"," ""219eX69ae"""
"1"," ""21a8R8f3e"""
"1"," ""21aaL2c1c"""
"1"," ""21abK3482"""
"1","
"
"1"," [489]"
"1"," ""21cbR4839"""
"1"," ""21daA92d1"""
"1"," ""21dbQ7264"""
"1"," ""2203L2eb2"""
"1"," ""220aC944c"""
"1"," ""2221X661f"""
"1"," ""2224R8487"""
"1"," ""222cR8b09"""
"1","
"
"1"," [497]"
"1"," ""222eC964b"""
"1"," ""2233W7286"""
"1"," ""223cG7f16"""
"1"," ""226eR7dd3"""
"1"," ""2286Z4c4f"""
"1"," ""228aC1d8f"""
"1"," ""2293X65b3"""
"1"," ""229cR41be"""
"1","
"
"1"," [505]"
"1"," ""22b8X6c4f"""
"1"," ""22c8C1d79"""
"1"," ""22ccR4f4e"""
"1"," ""22d3W7a49"""
"1"," ""22e7W70c4"""
"1"," ""22eeN95c9"""
"1"," ""2348A92d1"""
"1"," ""236bV2890"""
"1","
"
"1"," [513]"
"1"," ""236dR84d3"""
"1"," ""236fG7938"""
"1"," ""2380K3202"""
"1"," ""2382A985a"""
"1"," ""2395R8dd4"""
"1"," ""23b0R738f"""
"1"," ""23b0R8e92"""
"1"," ""23baL2998"""
"1","
"
"1"," [521]"
"1"," ""23d4X646b"""
"1"," ""23e3V2433"""
"1"," ""23ebN9b8c"""
"1"," ""2401G7384"""
"1"," ""2416A9f1f"""
"1"," ""242eX6859"""
"1"," ""244fL2106"""
"1"," ""2455L27c7"""
"1","
"
"1"," [529]"
"1"," ""2499L277e"""
"1"," ""249cX638a"""
"1"," ""24a2C9b6d"""
"1"," ""24adK3f65"""
"1"," ""24aeW7329"""
"1"," ""24b8G7623"""
"1"," ""24bfK3b1f"""
"1"," ""24ccR7a97"""
"1","
"
"1"," [537]"
"1"," ""24cfR7377"""
"1"," ""24dbA9291"""
"1"," ""24dcQ7c58"""
"1"," ""24e3W7e2d"""
"1"," ""2502K3072"""
"1"," ""2534R8d2b"""
"1"," ""2553A97bb"""
"1"," ""2578N9e8d"""
"1","
"
"1"," [545]"
"1"," ""2583R8335"""
"1"," ""258aR8ad4"""
"1"," ""258fW7ed4"""
"1"," ""2597W759b"""
"1"," ""259dR4b59"""
"1"," ""259eX644a"""
"1"," ""25a2Z4655"""
"1"," ""25b5X6199"""
"1","
"
"1"," [553]"
"1"," ""25b8R86df"""
"1"," ""25d5A9a89"""
"1"," ""25d8R8a79"""
"1"," ""25d9L2f92"""
"1"," ""25dbW7b92"""
"1"," ""25dcQ7e64"""
"1"," ""25ddC13ae"""
"1"," ""25ddR84bc"""
"1","
"
"1"," [561]"
"1"," ""261aK3854"""
"1"," ""262dC1078"""
"1"," ""262fN9069"""
"1"," ""2632N945b"""
"1"," ""2634R7b26"""
"1"," ""2635L2a96"""
"1"," ""2635R4513"""
"1"," ""2653Q7647"""
"1","
"
"1"," [569]"
"1"," ""2660R8a72"""
"1"," ""2662L25bf"""
"1"," ""2668X6913"""
"1"," ""2685V2402"""
"1"," ""2689R82fc"""
"1"," ""268cR8a97"""
"1"," ""2695R7a33"""
"1"," ""26acR4f1c"""
"1","
"
"1"," [577]"
"1"," ""26c1X633e"""
"1"," ""26c4Q77e6"""
"1"," ""26d4R7844"""
"1"," ""26d8T7dc5"""
"1"," ""26daZ40ce"""
"1"," ""26f0C93be"""
"1"," ""26feV2dc4"""
"1"," ""2751R494f"""
"1","
"
"1"," [585]"
"1"," ""2771C1e31"""
"1"," ""2774A9fad"""
"1"," ""2774R4450"""
"1"," ""279aZ42f0"""
"1"," ""27b4L2088"""
"1"," ""27c3X64e7"""
"1"," ""27efZ4d90"""
"1"," ""280fX66d0"""
"1","
"
"1"," [593]"
"1"," ""281bY352f"""
"1"," ""2822A956f"""
"1"," ""282eR7bdc"""
"1"," ""283cL225c"""
"1"," ""2870X626b"""
"1"," ""289bL2f61"""
"1"," ""28a2N9a6e"""
"1"," ""28b2R8920"""
"1","
"
"1"," [601]"
"1"," ""28b9W7a0d"""
"1"," ""28c9C9ebf"""
"1"," ""28ceC1327"""
"1"," ""28ceL2725"""
"1"," ""28d8W7559"""
"1"," ""28e2L219a"""
"1"," ""28edC1a18"""
"1"," ""28f1R82e6"""
"1","
"
"1"," [609]"
"1"," ""28fbW7b03"""
"1"," ""28fdX693a"""
"1"," ""2903C1e63"""
"1"," ""2904Z4f47"""
"1"," ""294eX627f"""
"1"," ""297aK3fc3"""
"1"," ""2994C1e99"""
"1"," ""29a8W7609"""
"1","
"
"1"," [617]"
"1"," ""29afL2324"""
"1"," ""29b0L2d19"""
"1"," ""29b1L221b"""
"1"," ""29b5R85b2"""
"1"," ""29c4G7217"""
"1"," ""2a01A9fe5"""
"1"," ""2a02K3d9e"""
"1"," ""2a06C972c"""
"1","
"
"1"," [625]"
"1"," ""2a17N9c0d"""
"1"," ""2a1eK3908"""
"1"," ""2a28G72da"""
"1"," ""2a5fC1080"""
"1"," ""2a6eR8a94"""
"1"," ""2a7eV285d"""
"1"," ""2a84R82a3"""
"1"," ""2a8aC9bdb"""
"1","
"
"1"," [633]"
"1"," ""2a97R8b54"""
"1"," ""2a99R8932"""
"1"," ""2ab3R8450"""
"1"," ""2ab7Q79a2"""
"1"," ""2abcR42b2"""
"1"," ""2abcW7500"""
"1"," ""2ad7W7392"""
"1"," ""2ae7W7f4b"""
"1","
"
"1"," [641]"
"1"," ""2b08R8eca"""
"1"," ""2b1fL25e7"""
"1"," ""2b2fZ4766"""
"1"," ""2b3eW7abf"""
"1"," ""2b57X6526"""
"1"," ""2b6cW7d18"""
"1"," ""2b7aN93e4"""
"1"," ""2b7eA97de"""
"1","
"
"1"," [649]"
"1"," ""2b8cL2e93"""
"1"," ""2ba4A9cfc"""
"1"," ""2bb6R78d8"""
"1"," ""2bd7L2be3"""
"1"," ""2bdbW78f6"""
"1"," ""2beaR4e5e"""
"1"," ""2c1aZ4ad6"""
"1"," ""2c1cR85d2"""
"1","
"
"1"," [657]"
"1"," ""2c21G7c6e"""
"1"," ""2c29K382a"""
"1"," ""2c51W73cc"""
"1"," ""2c54R76a8"""
"1"," ""2c57R7d06"""
"1"," ""2c5eZ458b"""
"1"," ""2c7bR4c22"""
"1"," ""2c8dV21f2"""
"1","
"
"1"," [665]"
"1"," ""2c8fR8885"""
"1"," ""2c90C1f38"""
"1"," ""2cfdZ4224"""
"1"," ""2d0cA9561"""
"1"," ""2d10K313c"""
"1"," ""2d16R8109"""
"1"," ""2d1dW7bc9"""
"1"," ""2d29G7497"""
"1","
"
"1"," [673]"
"1"," ""2d2aZ473c"""
"1"," ""2d2dQ7735"""
"1"," ""2d3aN9bbb"""
"1"," ""2d3cC9398"""
"1"," ""2d57V28f7"""
"1"," ""2d7cZ4812"""
"1"," ""2da1X670f"""
"1"," ""2da8R7476"""
"1","
"
"1"," [681]"
"1"," ""2db0R7d5f"""
"1"," ""2dd7L2b6a"""
"1"," ""2e1eW72c2"""
"1"," ""2e32R75ca"""
"1"," ""2e4aA9de3"""
"1"," ""2e5cR805d"""
"1"," ""2e62X63f3"""
"1"," ""2e95X65fe"""
"1","
"
"1"," [689]"
"1"," ""2ea4R4839"""
"1"," ""2eb0C908e"""
"1"," ""2eb7C1f06"""
"1"," ""2ebcR8121"""
"1"," ""2f0cA91d1"""
"1"," ""2f30L2a32"""
"1"," ""2f40R74a2"""
"1"," ""2f56W7087"""
"1","
"
"1"," [697]"
"1"," ""2f80L293a"""
"1"," ""2f83R7854"""
"1"," ""2fafK37d5"""
"1"," ""2fb3X623e"""
"1"," ""2fd9G7e90"""
"1"," ""3003L24c6"""
"1"," ""3020R7365"""
"1"," ""302cW76c2"""
"1","
"
"1"," [705]"
"1"," ""302dR88fc"""
"1"," ""3031Q7044"""
"1"," ""3043W7a1b"""
"1"," ""3054C9cbf"""
"1"," ""305aL22ba"""
"1"," ""3060W7dc3"""
"1"," ""3080V2e0b"""
"1"," ""308bX6bdd"""
"1","
"
"1"," [713]"
"1"," ""30a7R45ef"""
"1"," ""30b2R81fc"""
"1"," ""30b3V2ff0"""
"1"," ""30e0V2c23"""
"1"," ""30f2A95eb"""
"1"," ""30f2R7454"""
"1"," ""30fcA99b5"""
"1"," ""30feC17af"""
"1","
"
"1"," [721]"
"1"," ""30feR8ac7"""
"1"," ""3101W7f59"""
"1"," ""3139V2dae"""
"1"," ""313dC1046"""
"1"," ""3143W75f4"""
"1"," ""314cC1e10"""
"1"," ""314cL24a8"""
"1"," ""3161C1db6"""
"1","
"
"1"," [729]"
"1"," ""3168C18a2"""
"1"," ""3184W7696"""
"1"," ""318aG7a9a"""
"1"," ""31a3V27f6"""
"1"," ""31a7C9aa2"""
"1"," ""31acT79e8"""
"1"," ""31c0W738f"""
"1"," ""31c9W7f50"""
"1","
"
"1"," [737]"
"1"," ""31d2X6ef5"""
"1"," ""31e8W7e4f"""
"1"," ""31efC15b2"""
"1"," ""31f9C194e"""
"1"," ""3203R8980"""
"1"," ""3217C1ac9"""
"1"," ""3227X6200"""
"1"," ""322eC16ba"""
"1","
"
"1"," [745]"
"1"," ""3239L26d6"""
"1"," ""323eW7baf"""
"1"," ""3247R4e62"""
"1"," ""3250R8af2"""
"1"," ""3260Q7e3d"""
"1"," ""3264G7157"""
"1"," ""328eL2493"""
"1"," ""3298V2e90"""
"1","
"
"1"," [753]"
"1"," ""32c2X640a"""
"1"," ""32dbR71e2"""
"1"," ""32f1Y3333"""
"1"," ""3317V2869"""
"1"," ""3322Q7a4a"""
"1"," ""3322V270c"""
"1"," ""3365N94fa"""
"1"," ""337eR87de"""
"1","
"
"1"," [761]"
"1"," ""3389C16f4"""
"1"," ""3389R7ad2"""
"1"," ""3398R749f"""
"1"," ""339fG7a4a"""
"1"," ""33aaX6627"""
"1"," ""33eaQ722e"""
"1"," ""33f6C1ef7"""
"1"," ""3414R73ef"""
"1","
"
"1"," [769]"
"1"," ""3416G768d"""
"1"," ""342dK3aca"""
"1"," ""3460X6c08"""
"1"," ""3481R73ee"""
"1"," ""3490C1ea1"""
"1"," ""3491A9bb3"""
"1"," ""34b8Z4eb8"""
"1"," ""34b9V2c0e"""
"1","
"
"1"," [777]"
"1"," ""34c9R8d8e"""
"1"," ""3517V2264"""
"1"," ""3523K3319"""
"1"," ""3540R7412"""
"1"," ""3541C1fe8"""
"1"," ""3547V25d7"""
"1"," ""354aW79c5"""
"1"," ""354bV208c"""
"1","
"
"1"," [785]"
"1"," ""3562R7bfc"""
"1"," ""3563R8499"""
"1"," ""3573Q735a"""
"1"," ""3589K3002"""
"1"," ""359dR78e4"""
"1"," ""35eaW7177"""
"1"," ""35f4Z4161"""
"1"," ""35f7W7cbc"""
"1","
"
"1"," [793]"
"1"," ""360fR772f"""
"1"," ""3625A98df"""
"1"," ""3625V2c66"""
"1"," ""365cK3f2f"""
"1"," ""3660R7356"""
"1"," ""3669G7a3f"""
"1"," ""3679R7d0c"""
"1"," ""36a6V2102"""
"1","
"
"1"," [801]"
"1"," ""36b1C9c60"""
"1"," ""36b7R8c60"""
"1"," ""36bfC123a"""
"1"," ""36c1X6010"""
"1"," ""36c5G7a6f"""
"1"," ""36d0V202a"""
"1"," ""36d3X6bcc"""
"1"," ""36d7W7957"""
"1","
"
"1"," [809]"
"1"," ""36e0Q7593"""
"1"," ""372eT7e5d"""
"1"," ""3734A95a8"""
"1"," ""3765C176f"""
"1"," ""3766W72b1"""
"1"," ""3799R78bf"""
"1"," ""379eC9c70"""
"1"," ""37a5Q7a3d"""
"1","
"
"1"," [817]"
"1"," ""37b6W7aec"""
"1"," ""37c5R4ba5"""
"1"," ""37d9V2063"""
"1"," ""37deW7a6b"""
"1"," ""37eeZ407f"""
"1"," ""37f0V2558"""
"1"," ""37f1L2a52"""
"1"," ""37f3V2823"""
"1","
"
"1"," [825]"
"1"," ""37f7V2ad1"""
"1"," ""37f8X6322"""
"1"," ""3804R857c"""
"1"," ""3812C1aeb"""
"1"," ""3815L2a9e"""
"1"," ""381eR7b53"""
"1"," ""384fC977e"""
"1"," ""3865Q7714"""
"1","
"
"1"," [833]"
"1"," ""387dX6b28"""
"1"," ""388aK3519"""
"1"," ""389dV2df6"""
"1"," ""38cdW7887"""
"1"," ""38d6N9d1b"""
"1"," ""38f1R830e"""
"1"," ""38f2K3bb7"""
"1"," ""38f3X651e"""
"1","
"
"1"," [841]"
"1"," ""38fdC1730"""
"1"," ""3906W7217"""
"1"," ""3916R7736"""
"1"," ""392eR434a"""
"1"," ""392fV2745"""
"1"," ""393eC12fb"""
"1"," ""393fL2123"""
"1"," ""3945L2a6a"""
"1","
"
"1"," [849]"
"1"," ""394aX63ce"""
"1"," ""3974R7162"""
"1"," ""3993R82fc"""
"1"," ""3999R4599"""
"1"," ""39b7W7aac"""
"1"," ""39c9W7a63"""
"1"," ""39deK398c"""
"1"," ""39e0Q7f05"""
"1","
"
"1"," [857]"
"1"," ""39e2V2f42"""
"1"," ""39efL21f4"""
"1"," ""3a00C1a9b"""
"1"," ""3a19L2db0"""
"1"," ""3a30G760a"""
"1"," ""3a36L2367"""
"1"," ""3a44A9619"""
"1"," ""3a50C1e02"""
"1","
"
"1"," [865]"
"1"," ""3a70R89bb"""
"1"," ""3a72Q7fe0"""
"1"," ""3a7aX6b70"""
"1"," ""3a82G753a"""
"1"," ""3a85K3ceb"""
"1"," ""3a8fT7035"""
"1"," ""3ab7R8d94"""
"1"," ""3ac6X6e58"""
"1","
"
"1"," [873]"
"1"," ""3ae7K3de1"""
"1"," ""3afcR827e"""
"1"," ""3b21L2ab6"""
"1"," ""3b44R4e56"""
"1"," ""3b4fR8c78"""
"1"," ""3b79V22e2"""
"1"," ""3b83L2265"""
"1"," ""3b8cW742b"""
"1","
"
"1"," [881]"
"1"," ""3b9dQ73a6"""
"1"," ""3ba9C1725"""
"1"," ""3badX6b48"""
"1"," ""3bb6R74cd"""
"1"," ""3bbaG772f"""
"1"," ""3c1cW75c2"""
"1"," ""3c1fN9d6d"""
"1"," ""3c49L216d"""
"1","
"
"1"," [889]"
"1"," ""3c4fL2e49"""
"1"," ""3c50V2ab6"""
"1"," ""3c56L2fed"""
"1"," ""3c89W70b2"""
"1"," ""3c8bQ7022"""
"1"," ""3ca6X6b1c"""
"1"," ""3caeW7f85"""
"1"," ""3cb3R72f5"""
"1","
"
"1"," [897]"
"1"," ""3cbbC1630"""
"1"," ""3ce9R7a2b"""
"1"," ""3cefK313c"""
"1"," ""3cf8V2395"""
"1"," ""3cfeR8459"""
"1"," ""3d09C1e41"""
"1"," ""3d0eR4917"""
"1"," ""3d16L2198"""
"1","
"
"1"," [905]"
"1"," ""3d21G79d5"""
"1"," ""3d24R8222"""
"1"," ""3d26L2b49"""
"1"," ""3d36W7562"""
"1"," ""3d3bK3a79"""
"1"," ""3d54L2b55"""
"1"," ""3d79C9506"""
"1"," ""3db0L231b"""
"1","
"
"1"," [913]"
"1"," ""3dbaR7a39"""
"1"," ""3dc4R7bd1"""
"1"," ""3dd1W7f1a"""
"1"," ""3dd2W71e3"""
"1"," ""3dd8A96a3"""
"1"," ""3dddV2f62"""
"1"," ""3de2Q7d8b"""
"1"," ""3dfaA9a70"""
"1","
"
"1"," [921]"
"1"," ""3dfdV2e7b"""
"1"," ""3e1bL2734"""
"1"," ""3e3dN9a31"""
"1"," ""3e45W7a65"""
"1"," ""3e49Q7b46"""
"1"," ""3e5bN9f47"""
"1"," ""3e5dW7ed7"""
"1"," ""3e6aT78c4"""
"1","
"
"1"," [929]"
"1"," ""3e6eG7e66"""
"1"," ""3e79V25f0"""
"1"," ""3e91W720e"""
"1"," ""3ea0V2f67"""
"1"," ""3eaaC1e5f"""
"1"," ""3eb1R40c5"""
"1"," ""3ebfR4292"""
"1"," ""3ec2V2e89"""
"1","
"
"1"," [937]"
"1"," ""3ef8Q7ab9"""
"1"," ""3f04Y33a5"""
"1"," ""3f1eC9e22"""
"1"," ""3f26L2616"""
"1"," ""3f28K34db"""
"1"," ""3f33V2903"""
"1"," ""3f34X63d4"""
"1"," ""3f38T7d9d"""
"1","
"
"1"," [945]"
"1"," ""3f39Q74ca"""
"1"," ""3f4eG79b3"""
"1"," ""3fb3V2fcd"""
"1"," ""3fb6R48ae"""
"1"," ""3fc8X69a0"""
"1"," ""3fe1R7e94"""
"1"," ""3fe5A9390"""
"1"," ""4019A9f8a"""
"1","
"
"1"," [953]"
"1"," ""402eV2908"""
"1"," ""4085V2d58"""
"1"," ""40a3L2df0"""
"1"," ""40a4W7241"""
"1"," ""40a4W7809"""
"1"," ""40b8C1461"""
"1"," ""40bfK3627"""
"1"," ""40f2W7951"""
"1","
"
"1"," [961]"
"1"," ""411bL27b4"""
"1"," ""4125L291b"""
"1"," ""4132T7c38"""
"1"," ""4146A9f08"""
"1"," ""4152X6329"""
"1"," ""4183L226f"""
"1"," ""4187W706a"""
"1"," ""4192G738d"""
"1","
"
"1"," [969]"
"1"," ""4197L2215"""
"1"," ""419eC1366"""
"1"," ""419eG75f4"""
"1"," ""419fQ7eaa"""
"1"," ""41a1V22e8"""
"1"," ""41a2C9b99"""
"1"," ""41efN9de6"""
"1"," ""41f8W7fb4"""
"1","
"
"1"," [977]"
"1"," ""4201L2738"""
"1"," ""421aR80d6"""
"1"," ""4224Y3374"""
"1"," ""424eV213c"""
"1"," ""426fR74e8"""
"1"," ""4298W7ada"""
"1"," ""4299L23b4"""
"1"," ""429fL2985"""
"1","
"
"1"," [985]"
"1"," ""42a1V2f5a"""
"1"," ""42acV2583"""
"1"," ""42dfW7bc6"""
"1"," ""4300Q7d6f"""
"1"," ""431aW7392"""
"1"," ""4338R8339"""
"1"," ""4349C1997"""
"1"," ""4357L2e7e"""
"1","
"
"1"," [993]"
"1"," ""435dW7268"""
"1"," ""435eL2fa6"""
"1"," ""4367Q795d"""
"1"," ""4380R7412"""
"1"," ""4386R7096"""
"1"," ""439cZ4836"""
"1"," ""43aaL290d"""
"1"," ""43abZ45cf"""
"1","
"
"1"," [ reached getOption(""max.print"") -- omitted 2867 entries ]
"
